Year,n_states,mean_unemp,mean_mh
2011,51,8.125653594771242,3.8156862745098037
2012,51,7.323039215686275,3.830392156862745
2013,51,6.74297385620915,3.6323529411764706
2014,51,5.747222222222223,3.6509803921568627
2015,51,5.007679738562091,3.7205882352941178
2016,51,4.665522875816993,3.8470588235294114
2017,51,4.16062091503268,4.053921568627451
2018,51,3.776633986928105,4.166666666666667
2019,51,3.577287581699346,4.477
2020,51,7.402124183006536,4.395098039215687
2021,51,4.844934640522876,4.787
